#,Authors,Title,Poster Session,Poster Board #
3,"Josias Old, Juval Bechar, Markus Müller and Sascha Heußen","Addressable fault-tolerant universal quantum gate
operations for high-rate lift-connected surface codes",Session 1: Tuesday,1
8,"Theerapat Tansuwannont, Tim Chan and Ryuji Takagi","Construction of the full logical Clifford group for
high-rate quantum Reed-Muller codes using only transversal
and fold-transversal gates",Session 1: Tuesday,2
9,David Pataki and Quentin Schaeverbeke,"Simulating quantum error correction with carbon
nanotube–based spin qubits",Session 1: Tuesday,3
14,"Seok-Hyung Lee, Lucas H. English and Stephen D. Bartlett",Efficient Post-Selection for General Quantum LDPC Codes,Session 1: Tuesday,4
16,"Daniel Spencer, Andrew Tanggara, Tobias Haug, Derek Khu and
Kishor Bharti",Qudit low-density parity-check codes,Session 1: Tuesday,5
17,"Feroz Ahmed Mian, Owen Gwilliam and Stefan Krastanov","Multivariate Multicycle Codes for Complete Single-Shot
Decoding",Session 1: Tuesday,6
18,"Youshin Chung, Yujin Kang and Jun Heo","Logical error rate of rectangular surface code under
circuit-level noise model",Session 1: Tuesday,7
20,"Yingjia Lin, Abhinav Anand and Kenneth R. Brown",Dynamic local single-shot checks for toric codes,Session 1: Tuesday,8
22,Ming Wang and Frank Mueller,"Coprime Bivariate Bicycle Codes and Their Layouts on Cold
Atoms",Session 1: Tuesday,9
23,"Ming Wang, Ang Li and Frank Mueller","Fully Parallelized BP Decoding for Quantum LDPC Codes Can
Outperform BP-OSD",Session 1: Tuesday,10
25,Balint Pato and Natalie Klco,"Trade-offs in Gauss’s law error correction for lattice
gauge theory quantum simulations",Session 1: Tuesday,11
27,Ethan Egger and Milad Marvian,Spacetime distance of dynamical Bacon-Shor codes,Session 1: Tuesday,12
28,Mingyu Kang,A 2.5D Layout for Balanced Product Cyclic Codes,Session 1: Tuesday,13
29,Shixin Wu and Daniel Lidar,"Fault-tolerant universal computation on a single quantum
code",Session 1: Tuesday,14
31,"Dian Jing, Pablo Sala, Liang Jiang and Ruben Verresen","Intrinsic Heralding and Optimal Decoders for Non-Abelian
Topological Order",Session 1: Tuesday,15
32,"Wayne Witzel, Anand Ganti and Tzvetan Metodi",Correcting coherent quantum errors by going with the flow,Session 1: Tuesday,16
33,"Shoham Jacoby, Alex Retzker and Fernando Pastawski","Stairway Codes: Floquetifying Bivariate Bicycle Codes and
Beyond",Session 1: Tuesday,17
37,"Min Ye, Dave Wecker and Nicolas Delfosse",Beam Search Decoder for Quantum LDPC Codes,Session 1: Tuesday,18
40,"Matthew Steinberg, Sivaprasad Omanakuttan, Joseph Sullivan,
Chunjun Cao and Michael A. Perlin","Constructing High-Rate Quantum Codes with Unconventional
Magic Resources",Session 1: Tuesday,19
41,"Rebecca Radebold, Stephen Bartlett and Andrew Doherty",Explicit Instances of Quantum Tanner Codes,Session 1: Tuesday,20
43,Yoonjin Bae and Chae-Yeun Park,Threshold of Tile Codes under Circuit-Level Noise Models,Session 1: Tuesday,21
44,"Yuga Hirai, Shota Ikari, Yosuke Ueno and Yasunari Suzuki","No More Hooks in the Surface Code: Distance-Preserving
Syndrome Extraction for Arbitrary Layouts at Minimum Depth",Session 1: Tuesday,22
45,"Hideyuki Ozawa, Isamu Kudo, Yuki Takeuchi and Tsuyoshi
Yoshida","Soft Confidence Information for Quantum Error Correction
via Multi-Candidate Aggregation",Session 1: Tuesday,23
46,Noah Berthusen and Elijah Durso-Sabina,"Simple logical quantum computation with concatenated
symplectic double codes",Session 1: Tuesday,24
48,Cory Aitchison and Benjamin Béri,"Spacetime Spins: Statistical mechanics for error correction
with stabilizer circuits",Session 1: Tuesday,25
49,"Carolyn Mayer, Anand Ganti, Uzoma Onunkwo, Tzvetan Metodi,
Benjamin Anker and Jacek Skryzalin",Rare Event Simulation of Quantum Error-Correcting Circuits,Session 1: Tuesday,26
51,"Ish Dhand, Shreya Prasanna Kumar, Kshitij Kapoor, Marcello
Massaro, Matteo Santandrea, Pranjal Nayak, Raphael Webber,
Raul Conchello Vendrell, Varun Seshadri, Carlos Diaz Lopez,
Ivan Ogloblin and Trinidad Lantaño","Unified framework for obtaining fault-tolerance thresholds
of arbitrary hardware imperfections",Session 1: Tuesday,27
52,Fernando Lima and Andreas Sturm,"QLDPC Codes on a Two-Dimensional Tweezer Array with
Adjustable Columns",Session 1: Tuesday,28
54,"Fucheng Guo, Frank Mueller and Yuan Liu","A Concatenated Dual Displacement Code for
Continuous-Variable Quantum Error Correction",Session 1: Tuesday,29
55,Gilad Kishony and Austin Fowler,"Surface code off-the-hook: diagonal syndrome-extraction
scheduling",Session 1: Tuesday,30
56,"Aaron Friedman, Alex Kwiatkowski and Manny Knill",Characterizing logical performance in stabilizer QEC codes,Session 1: Tuesday,31
57,"I-Chi Chen, Matheus Fonseca and Andrew Sornborger",Efficient Magic State Cultivation for $\sqrt{T}$ Gate,Session 1: Tuesday,32
58,Peter Shanahan and Diego Ruiz,"Elevator Codes: Concatenation for resource-efficient
quantum memory under biased noise",Session 1: Tuesday,33
60,"Derek Khu, Andrew Tanggara, Chao Jin and Kishor Bharti",Contextuality of Quantum Error-Correcting Codes,Session 1: Tuesday,34
61,"Cassandra Hopkin, Victor Albert and Dominic Williamson","Translation-invariant low-density parity-check codes are
compactified high-dimensional fracton models",Session 1: Tuesday,35
63,Renyu Wang and Leonid Pryadko,Algebra of Bivariate-Bicycle Surface Codes,Session 1: Tuesday,36
64,"Hsiang-Ku Lin, Pak Kau Lim, Alexey A. Kovalev and Leonid
Pryadko",Abelian multi-cycle codes for single-shot error correction,Session 1: Tuesday,37
65,"Junseok Jeong, Seyong Kim and Chae-Yeun Park","Fundamental threshold of the three-dimensional Toric code
under depolarizing noise",Session 1: Tuesday,38
66,"Pengyu Liu, Shi Jie Samuel Tan, Eric Huang, Umut Acar,
Hengyun Zhou and Chen Zhao","Achieving Optimal-Distance Atom-Loss Correction via Pauli
Envelope",Session 1: Tuesday,39
67,Ryo Mikami and Hayata Yamasaki,"Overflow-Safe Polylog-Time Parallel Minimum-Weight Perfect
Matching Decoder: Toward Experimental Demonstration",Session 1: Tuesday,40
68,Koki Ehara and Ryuji Takagi,Asymptotic Magic State Distillation with Almost Linear Rate,Session 1: Tuesday,41
69,"Giacomo Fregona, Matthias Löbl, Benjamin Brown, Stefano
Paesani and Michael Kastoryano","Numerical Analysis of Rare Events in Bivariate Bicycle
Codes with BP-OSD",Session 1: Tuesday,42
70,Prateek P Kulkarni,Classical Shadows is Optimal for Local Observables,Session 1: Tuesday,43
73,Junichi Haruna,Gauge Field Formalism for Logical Gates in Quantum CSS Codes,Session 1: Tuesday,44
75,"Ori Grossman, Yotam Kadish, Snir Gazit, Amit Ben Kish and
Yotam Shapira","Noise model for trapped ions multiqubit gates compatible
with quantum error correction",Session 1: Tuesday,45
76,Stasiu Wolanski,"Automated Compilation Including Dropouts: Tolerating
Defective Components in Stabiliser Codes",Session 1: Tuesday,46
77,"Muyuan Li, Christopher Chamberland and Jan Olle","Pre-Decoders for Scalable Real-Time Decoding with Surface
Codes",Session 1: Tuesday,47
78,"Kaavya Sahay, Dominic Williamson and Benjamin Brown",A matching decoder for bivariate bicycle codes,Session 1: Tuesday,48
80,"Matteo Puviani, Michael Doherty, Jasmine Brewer, Gabriel
Matos, David Amaro, Ben Criger and David Stephen","Fast stabilizer state preparation via AI-optimized graph
decimation",Session 1: Tuesday,49
81,"Gesa Dünnweber, Georgios Styliaris and Rahul Trivedi",Quantum Memory and Autonomous Computation in Two Dimensions,Session 1: Tuesday,50
83,"Gyorgy Geher, David Byfield and Archibald Ruban","Directional Codes: a new family of quantum LDPC codes on
hexagonal- and square-grid connectivity hardware",Session 1: Tuesday,51
84,Benjamin Anker and Dripto Debroy,"Optimized Measurement Schedules for the Surface Code with
Dropout",Session 1: Tuesday,52
87,Eren Guttentag and Benjamin Anker,"Preserving Geometric Locality with Syndrome Measurement
Codes",Session 1: Tuesday,53
88,"Joseph Sullivan, Michael A. Perlin and David Amaro","Injection is all you need: bypassing the addressability
problem in high-rate stabilizer codes",Session 1: Tuesday,54
89,"Shouzhen Gu, Libor Caha, Shin Ho Choe, Zhiyang He,
Aleksander Kubica and Eugene Tang",Layer codes as partially self-correcting quantum memories,Session 1: Tuesday,55
93,Chunjun Cao and Brad Lackey,"Quantum Lego Power-up: Designing Transversal Gates with
Tensor Networks",Session 1: Tuesday,56
95,"William Munizzi, Dawei Zhong, Wibe de Jong and Huo Chen","Combining Error Detection and Mitigation: A Hybrid Protocol
for Near-Term Quantum Simulation",Session 1: Tuesday,57
96,Giacomo Pantaleoni and Remmy Zen,"Beyond IID: Correlated Noise Models for Code-Capacity
Analysis of Quantum Error Correcting Codes",Session 1: Tuesday,58
98,Dawei Zhong and Todd Brun,"Protection of Exponential Operation using Stabilizer Codes
in the Early Fault Tolerance Era",Session 1: Tuesday,59
99,"Samyak Surti, Lucas Daguerre and Isaac Kim",Efficient simulation of logical magic state preparation protocols,Session 2: Thursday,1
100,"Yohei Ibe, Yutaka Hirano, Yasuo Ozu, Toru Kawakubo and
Keisuke Fujii","Measurement-Based Fault-Tolerant Quantum Computation on
High-Connectivity Devices: A Resource-Efficient Approach
toward Early FTQC",Session 1: Tuesday,60
102,"Yunzhe Zheng, Yuanchen Zhao and Dong Liu","Fragility of Magic State Distillation under Imperfect
Measurements",Session 1: Tuesday,61
103,"Aliza Siddiqui, Aaron Friedman, Alexander Kwiatkowski,
Shawn Geller, Scott Glancy and Emanuel Knill",Logical Cycle Benchmarking,Session 1: Tuesday,62
105,"Zhuangzhuang Chen, Jack Weinberg, Asit Pradhan and
Narayanan Rengaswamy",TUF: Trotter-based Universal Fault-tolerance,Session 1: Tuesday,63
106,"Michael A. Perlin, Zichang He, Anthony Alexiades Armenakas,
Pablo Andres-Martinez, Tianyi Hao, Dylan Herman, Yuwei Jin,
Karl Mayer, David Amaro, Ciaran Ryan-Anderson and Ruslan
Shaydulin","Fault-tolerant execution of error-corrected quantum
algorithms",Session 1: Tuesday,64
107,"Yaoling Yang, Andrew Tanggara, Tobias Haug and Kishor Bharti",Quantum Cubature Codes,Session 1: Tuesday,65
109,Dominic Williamson,"Fast magic state preparation by gauging higher-form
transversal gates in parallel",Session 1: Tuesday,66
114,"Remmy Zen, Gavin Brennen, Fazeleh Kazemian, Kavan Modi,
Giacomo Pantaleoni, Angus Southwell and Tom Stace","Noise-Aware Discovery of Structured Quantum Error
Correction Codes",Session 1: Tuesday,67
115,"Fazeleh Kazemian, Angus Southwell, John Kam, Giacomo
Pantaleoni, Remmy Zen, Gavin Brennen, Tom Stace, Kavan Modi
and Gregory White","Self-Consistent Process Tensor Network Tomography (PTNT)
via Constrained Parameterized Instrument Sets",Session 1: Tuesday,68
120,"Olai Åsmundson Mostad, Eirik Rosnes and Hsuan-Yin Lin","Improved Decoding of Quantum Tanner Codes Using Generalized
Check Nodes",Session 1: Tuesday,69
121,"Fumiyoshi Kobayashi, Toshi Kusano, Nicholas Fazio and Yuma
Nakamura","Performance Evaluation of Quantum Error Corrections in Dual
Ytterbium Systems",Session 1: Tuesday,70
122,"Boris Bourdoncle, Peter-Jan Derks, Théo Dessertaine and
Johannes Frank","Fast simulations of the Fermi-Hubbard model on the SPOQC
architecture",Session 1: Tuesday,71
123,"Long My, Shao-Hen Chiew, Jing Hao Chai and Hui Khoon Ng",Information-efficient decoding of surface codes,Session 1: Tuesday,72
124,"Pedro Hack, Luca Menti, Francisco Lázaro and Alexandru Paler","Achieving Thresholds via Standalone Belief Propagation on
Surface Codes",Session 1: Tuesday,73
125,"Vicent Steffan, Shin Ho Choe, Nikolas Breuckmann, Francisco
Revson Fernandes Pereira and Jens Eberhardt","Tile Codes: High-Efficiency Quantum Codes on a Lattice with
Boundary",Session 1: Tuesday,74
127,"John Kam, Angus Southwell, Spiro Gicev, Muhammad Usman and
Kavan Modi","Spatiotemporal Pauli processes: Quantum combs for modelling
correlated noise in quantum error correction",Session 1: Tuesday,75
130,"Sungjoo Cho, Ju-yeon Gyhm, Hyukjoon Kwon and Hyunseok Jeong","Autonomous Quantum Error Correction of Spin-Oscillator
Hybrid Qubits",Session 1: Tuesday,76
132,"Ewan Murphy, Michael Vasmer and Subhayan Sahu","Simplified Circuit-Level Decoding Using Knill Error
Correction",Session 1: Tuesday,77
133,Sanguk Lee and Jun Heo,"Measurement efficient probabilistic error cancellation
using classical shadows and gate set tomography",Session 1: Tuesday,78
135,"Moritz Lange, Mats Granath, Gustaf Jonasson Johansson and
Ole Fjeldså",Renormalization-based neural decoder for the surface code,Session 1: Tuesday,79
168,"Hanna Westerheim, Kaavya Sahay and Shruti Puri",Curbing Leakage with the Honeycomb Floquet Code,Session 1: Tuesday,80
139,"Alex Steiner, Gerard Anglès Munné, Robert Freund, Ivan
Pogorelov, Michael Meth, Robert J. Harris, Gavin Brennen,
Thomas M. Stace, Thomas Monz, Rainer Blatt, Felix Huber and
Martin Ringbauer",Holographic quantum codes with trapped ions,Session 1: Tuesday,81
140,"Bence Hetenyi, Benjamin J. Brown and Dominic J. Williamson","Constant-depth magic state cultivation via gauging Clifford
measurement",Session 2: Thursday,2
141,"Kun Liu, Shifan Xu, Tomas Jochym-O'Connor, Zhiyang He,
Shraddha Singh and Yongshan Ding","In-Situ Simultaneous Magic State Injection on Generic qLDPC
Codes",Session 2: Thursday,3
142,"Lorcan Conlon, Yu-Xin Wang, Erfan Abbasgholinejad, Victor
Albert, Michael Gullans and Alexey Gorshkov",Fault Tolerant Heisenberg-Limited Quantum Sensing,Session 2: Thursday,4
143,"Ching-Feng Kung, Kao-Yueh Kuo and Ching-Yi Lai","Efficient approximate degenerate ordered statistics
decoding for quantum codes via reliable subset reduction",Session 2: Thursday,5
144,Jack Weinberg and Narayanan Rengaswamy,"Stabilizers for Compiling Logical Circuits under Hardware
Constraints",Session 2: Thursday,6
148,"Edwin Tham, Arda Aydin, Min Ye and Nicolas Delfosse",High-Performance Quasi-Cyclic qLDPC Codes,Session 2: Thursday,7
149,Paul Rousset-Rouard and François-Marie Le Régent,Magic state cultivation compiled for neutral atoms,Session 2: Thursday,8
150,"Edwin Tham, Nicolas Delfosse, Min Ye, John Gamble and Ilia
Khait",Efficient Layout for High-Rate qLDPC Code on Flying Qubits,Session 2: Thursday,9
153,"Himanshu Dongre, Md. Shahinul Islam and Lane Gunderman","Mixed register stabilizer codes: a coding theoretic
perspective",Session 2: Thursday,10
154,Asmae Benhemou and Noah Berthusen,"Automated chain-map synthesis for logical gadgets between
CSS codes",Session 2: Thursday,11
155,Jonathan Pelletier and Baptiste Royer,Dynamical GKP codes,Session 2: Thursday,12
157,"Shinichi Sunami, Yutaka Hirano, Toshihide Hinokuma and
Hayata Yamasaki","Entanglement boosting: Low-volume logical Bell pair
preparation for distributed fault-tolerant quantum
computation",Session 1: Tuesday,82
158,"Stergios Koutsioumpas, Tamas Noszko, Hasan Sayginel, Mark
Webster and Joschka Roffe","Colour Codes Reach Surface Code Performance using Vibe
Decoding",Session 2: Thursday,13
160,"Nirupam Basak, Ankith Mohan, Andrew Tanggara, Tobias Haug,
Goutam Paul and Kishor Bharti",Hierarchical Quantum Decoders,Session 2: Thursday,14
161,"Riley Chien, Cole Maurer and Andrew Landahl","A flexible framework for high-threshold 3D single-shot
quantum error correction",Session 2: Thursday,15
164,"Vadym Kliuchnikov, Adam Paetznick and Marcus Silva",Phased outcome-complete simulation,Session 2: Thursday,16
165,"Shushen Qin, Hoang Long My Duy and Hui Khoon Ng","Towards practical implementation of bosonic error
correction circuit",Session 2: Thursday,17
167,"Armands Strikis, Dan Browne and Michael Beverland","High-performance syndrome extraction circuits for quantum
codes",Session 2: Thursday,18
136,"Ivan Rojkov, Margaret Pavlovich, Chen Wang and Shruti Puri",CZ gate for g-f qubits with a “skip-gate” error model,Session 2: Thursday,19
169,"Margaret Pavlovich, Thomas Smith, Baojie Liu, Chen Wang and
Shruti Puri","Erasure qubits without erasure checks: the g-f transmon
qubit and beyond",Session 2: Thursday,20
170,"Moritz Schmidt, Martin Moureau, Benjamin Rodatz, Boldizsár
Poór, Elie Mounzer and Linnea Grans-Samuelsson","Distributed Stabilizer Measurements with Very Noisy Bell
Pairs",Session 2: Thursday,21
171,Yichen Xu and Arpit Dua,Fault-tolerant protocols through spacetime concatenation,Session 2: Thursday,22
172,Shin Nishio and Dan Browne,"Detecting Qubit Loss without Leakage Detection Units via
Repeated Stabilizer Measurements",Session 2: Thursday,23
173,"Jinkang Guo, Shubham Jain, Aranya Chakraborty, Andrew Lucas
and Victor Albert","Combating small Pauli shifts: quantum codes in the Lee
metric",Session 2: Thursday,24
175,"Mauricio Gutierrez, Chiranjib Mukhopadhyay, Victor
Montenegro and Abolfazl Bayat",Quantum error correction for multiparameter metrology,Session 2: Thursday,25
177,Gideon Lee,Gauging the Spacetime Code,Session 2: Thursday,26
178,Ramya Bhaskar and Cole Maurer,Evaulating Tensorial Neural Networks for Quantum Error Correction Decoding ,Session 2: Thursday,27
181,"Akira Kyle, Shawn Geller, Joshua Combes and Emanuel Knill","Mackey codes: generalizing stabilizer quantum error
correction to heterogeneous systems",Session 2: Thursday,28
182,"Argyrios Giannisis Manes, Mahadevan Subramanian and Liang
Jiang",Optimal dual-mode spin codes for loss,Session 2: Thursday,29
183,"Shi Jie Samuel Tan, Ian Gill, Eric Huang, Pengyu Liu, Chen
Zhao, Hossein Dehghani, Aleksander Kubica, Hengyun Zhou and
Arpit Dua","Generalized matching decoders for 2D topological
translationally-invariant codes",Session 2: Thursday,30
184,"Yingjia Lin, Kenneth Brown and Mingyu Kang","An Efficient Algorithmic Framework for Estimating the
Circuit Distance of QLDPC Codes",Session 2: Thursday,31
185,"Chen Zhao, Refaat Ismail, Hong-Ye Hu and Milan Kornjaca","Fast High-Rate Early Fault-Tolerant qLDPC Architecture for
Quantum Simulation",Session 2: Thursday,32
187,"Michele Pacenti, Shantom Borah, Shobhit Bhatnagar,
Narayanan Rengaswamy and Bane Vasic",Low-Overhead Pauli-based Computation through Logical Coding,Session 2: Thursday,33
188,"Alex Kwiatkowski, Aaron J Friedman, Shawn Geller, Jalan
Ziyad, Scott Glancy and Emanuel Knill","Constructing an approximate logical Markovian model of
consecutive QEC cycles of a stabilizer code",Session 2: Thursday,34
189,"Matthias Christandl, Omar Fawzi and Ashutosh Goswami",Fault-tolerant interfaces for quantum LDPC codes,Session 2: Thursday,35
191,"Shi Jie Samuel Tan, Yifan Hong, Ting-Chun Lin, Michael
Gullans and Min-Hsiu Hsieh","Single-shot universality in quantum LDPC codes via
code-switching",Session 2: Thursday,36
192,Jaszmine DeFranco and Andrew Nemec,Entanglement-Assisted Codes Outside the Stabilizer Framework,Session 2: Thursday,37
195,"Jothiradithya Konduru, Anish Chedalla and Nithin Raveendran","Adaptive Decoding of Quantum LDPC Codes for Realistic Noise
Models",Session 2: Thursday,38
197,"Dimitris Chytas, Nithin Raveendran and Bane Vasic","Temporal Degeneracy and Iterative Decoding under Noisy
Syndrome Measurements",Session 2: Thursday,39
198,"Yihua Chengyu, Richard Meister, Conor Carty, Sheng-Ku Lin
and Roberto Bondesan","Bayesian Optimization for Quantum Error-Correcting Code
Discovery",Session 2: Thursday,40
201,Andrew C Yuan,Unified Framework for Quantum Code Embedding,Session 2: Thursday,41
202,"Han Zheng, Guo Zheng, Liang Jiang and Qian Xu","Towards efficient computation with lifted-product code
families with constant compilation overhead",Session 2: Thursday,42
203,"Willers Yang, Jason Chadwick, Mariesa H. Teo, Joshua
Viszlai and Frederic T. Chong","Spacetime-Efficient and Hardware-Compatible Complex Quantum
Logic Units in qLDPC Codes",Session 2: Thursday,43
204,"Andrew C Yuan, Alexander Cowtan, Zhiyang He, Ting-Chu Lin
and Dominic J. Williamson",Parsimonious Quantum Low-Density Parity-Check Code Surgery,Session 2: Thursday,44
205,"Willers Yang, Nayana Tiwari, Jason Chadwick, Tina Oberoi
and Frederic T. Chong","Buy One Get One 90% Off: Cavity-Accelerated Syndrome
Extraction via Pipelining in Atom Arrays",Session 2: Thursday,45
206,"Hans Hohenfeld, Moritz Schmidt, Leon Wichette, Elie Mounzer
and Linnea Grans-Samuelsson",Topological Stabilizer Codes on a Star Lattice,Session 2: Thursday,46
211,"Vlad Temkin, Zack Weinstein, Ruihua Fan, Daniel Podolsky
and Ehud Altman",Charge-Informed Quantum Error Correction,Session 2: Thursday,47
213,"Timo Hillmann, Jens Eisert and Francesco Arzani",Quantum low-density lattice codes,Session 2: Thursday,48
215,"Shobhit Bhatnagar, Michele Pacenti, Nithin Raveendran,
David Declercq and Bane Vaisc",A Code-Shortening Perspective on Degeneracy,Session 2: Thursday,49
216,"Daniel Serrano Delgado, Guillermo Escobar-Arrieta and
Mauricio Gutiérrez",Single-shot quantum error correction on the Bacon-Shor code,Session 2: Thursday,50
218,"Shifan Xu, Kun Liu, Patrick Rall, Zhiyang He and Yongshan
Ding",Distilling Magic States in the Bicycle Architecture,Session 2: Thursday,51
219,"Yunzhe Zheng, Allen Zang and Aleksander Kubica",Stabilizer Formalism for Magic Gate Teleportation,Session 2: Thursday,52
220,"Judd Staples, Jeff Thompson and Winston Fu",Scalable Postselection of Quantum Resources,Session 2: Thursday,53
221,"John Blue, Zhiyang He, Hengyun Zhou and Isaac Chuang","Extractor Assembly for Logical Processing on Hypergraph
Product Codes",Session 2: Thursday,54
222,"Allen Zang, Bikun Li, Xinan Chen, Eric Chitambar, Liang
Jiang, Martin Suchara and Tian Zhong",Enhancing Entanglement Purification by Shared Randomness,Session 2: Thursday,55
224,"Long Nguyen, Hyunseong Kim, Dat Le, Sai Chitta, Thomas
Ersevim, Trevor Chistolini, Christian Jünger, W. Clarke
Smith, Tom Stace, Jens Koch, David Santiago and Irfan
Siddiqi","Intrinsically protected grid states in a superconducting
qubit",Session 2: Thursday,56
225,Andrey Khesin and Jonathan Lu,"Mirror codes: High-threshold quantum LDPC codes beyond the
CSS regime",Session 2: Thursday,57
226,"Andrey Khesin, Jonathan Lu, Alexander Poremba, Akshar
Ramkumar and Vinod Vaikuntanathan",Average-Case Complexity of Quantum Stabilizer Decoding,Session 2: Thursday,58
228,"Brenden Roberts, Jin Ming Koh, Yi Tan and Norman Yao","Cored product codes for quantum self-correction in three
dimensions",Session 2: Thursday,59
229,"Nithin Raveendran, David Declercq and Bane Vasic","Stabilizer-Aware Expansion-Contraction for Quantum LDPC
Error-Floor Estimation",Session 2: Thursday,60
230,Bohan Lu,"Discovery and classification of small CSS codes supporting
quasi-transversal CCZ logical gate",Session 2: Thursday,61
231,"Victor Wei, Hung-Hsiang Chiu, Zhaoyi Li, Yao Lu and David
Schuster","Scalable 3D architecture for dual-rail cavity-based quantum
error correction",Session 2: Thursday,62
233,"Gideon Lee, Tina Oberoi and Mariesa Teo","Numerical Study of Practical Just-In-Time Decoders for a
Quantum Double Model Memory",Session 2: Thursday,63
234,"Vismay Joshi, Anubhab Rudra, Sourav Dutta, Siddharth
Dhomkar and Prabha Mandayam","Demonstrating Noise-adapted Quantum Error Correction With
Break-Even Performance",Session 2: Thursday,64
236,Kenta Kasai,"Breaking the Orthogonality Barrier: Large-Girth Low-Density
Parity-Check Structures for Quantum Error Correction",Session 2: Thursday,65
237,Sydney Timmerman and Rita Ahmadi,"Representation-Theoretic Quantum Error Correction for
Structured Noise",Session 2: Thursday,66
238,"Natthakan Saeng-Nil, Derek Khu and Yong Kiam Tan","BetaQubit: Distilling Transformer Decoders for Low-Latency
Surface Code Decoding",Session 2: Thursday,67
239,"Shantom Borah, Abhinav Vaishya, Lalitha Vadlamani, Asit
Pradhan, Bane Vasic and Narayanan Rengaswamy",Qudit LDPC Codes with Sublinear Rate and Minimum Distance,Session 2: Thursday,68
240,"Sayam Sethi, Maxwell Poster, Aditi Awasthi, Willers Yang,
Joshua Viszlai and Jonathan Baker",Exploring Asymmetric QEC Code Concatenation,Session 2: Thursday,69
241,"Aditya Bhardwaj, Nathaniel Selub and Hsin-Yuan Huang",The Hardness of Learning Global Decoders,Session 2: Thursday,70
242,Christine Li and Lia Yeh,Transversal AND in Quantum Codes,Session 2: Thursday,71
243,"Andrey Boris Khesin, Sarah Meng Li, Boldizsár Poór,
Benjamin Rodatz, John van de Wetering and Richie Yeung",SpiderCat: Optimal Fault-Tolerant Cat State Preparation,Session 2: Thursday,72
244,Andrey Khesin and Boldizsár Poór,"Watermelon Surface Code: Superdense Extraction with Reduced
Grid Connectivity",Session 2: Thursday,73
246,"Ethan Lake, Nathaniel Selub and Aditya Bhardwaj",Surprisingly useful local decoders for topological codes,Session 2: Thursday,74
247,"Yutaka Hirano, Riki Toshio, Tomohiro Itogawa and Keisuke
Fujii",Efficient magic state cultivation with lattice surgery,Session 2: Thursday,75
248,"Aswath Suryanarayanan, Andrea Rodriguez-Blanco and Birgitta
Whaley","Fault-tolerant leakage-aware simulation and decoding of 2D
Color Codes",Session 2: Thursday,76
249,George Umbrarescu and David Amaro,"A memory-eﬃcient, symbolic and exact simulator for
universal quantum error correction",Session 2: Thursday,77
251,"Aswath Suryanarayanan, Bharath H Madhusudhana, Andrea
Rodriguez-Blanco and Birgitta Whaley","Pairwise qudit process tomography and Hamiltonian
estimation for efficient characterization",Session 2: Thursday,78
252,Yuanjia Wang and Todd A. Brun,Adaptive Loss-tolerant Syndrome Measurements,Session 2: Thursday,79
254,"Omid Khosravani, Guillermo Escobar-Arrieta, Kenneth R.
Brown and Mauricio Gutiérrez","An information-theoretic design principle for qubit
placement in quantum error-correcting codes",Session 2: Thursday,80
255,"Tenzan Araki, Joseph Goodwin and Zhenyu Cai","Correcting quantum errors using a classical code and one
additional qubit",Session 2: Thursday,81
256,Yuanjia Wang,Loss-tolerant preparation of highly symmetric states,Session 2: Thursday,82
258,"Lia Yeh, Jiaxin Huang, Aleks Kissinger, Sarah Meng Li and
John van de Wetering","A Three-Way Normal Form for Stabiliser Codes across ZX
Diagrams, Circuits, and Tableaus",Session 2: Thursday,83
